accession	study	bioproject_accession	biosample_accession	sample_name	library_ID	sampleID	samplePoint	sample	condition	sample_replicate	filename	filename2
SRR25915874	SRP458584	PRJNA1013119	SAMN37283818	C034_SS	103028	103028_TAACGATTAATAACGT	C0.1	C0.1	C	C0.1-1	HKY5JDRXX_103028_TAACGATTAATAACGT_merged_sorted.bam.1.fastq.gz	HKY5JDRXX_103028_TAACGATTAATAACGT_merged_sorted.bam.2.fastq.gz
SRR25915873	SRP458584	PRJNA1013119	SAMN37283819	C035_SS	103029	103029_ATGTAGACTTCTTGAA	C0.1	C0.1	C	C0.1-2	HKY5JDRXX_103029_ATGTAGACTTCTTGAA_merged_sorted.bam.1.fastq.gz	HKY5JDRXX_103029_ATGTAGACTTCTTGAA_merged_sorted.bam.2.fastq.gz
SRR25915872	SRP458584	PRJNA1013119	SAMN37283820	C036_SS	103030	103030_GAGCAGCGGGCAGATC	C0.1	C0.1	C	C0.1-3	HKY5JDRXX_103030_GAGCAGCGGGCAGATC_merged_sorted.bam.1.fastq.gz	HKY5JDRXX_103030_GAGCAGCGGGCAGATC_merged_sorted.bam.2.fastq.gz
SRR25915866	SRP458584	PRJNA1013119	SAMN37283805	C025_SS_0.025	103043	103043_TCGGCGAAGTATACCG	0.025	0.025_LC	LC	0.025_LC-1	HKY5JDRXX_103043_TCGGCGAAGTATACCG_merged_sorted.bam.1.fastq.gz	HKY5JDRXX_103043_TCGGCGAAGTATACCG_merged_sorted.bam.2.fastq.gz
SRR25915885	SRP458584	PRJNA1013119	SAMN37283808	C026_SS_0.025	103044	103044_GAGGCCAGGATCCAAC	0.025	0.025_LC	LC	0.025_LC-2	HKY5JDRXX_103044_GAGGCCAGGATCCAAC_merged_sorted.bam.1.fastq.gz	HKY5JDRXX_103044_GAGGCCAGGATCCAAC_merged_sorted.bam.2.fastq.gz
SRR25915882	SRP458584	PRJNA1013119	SAMN37283811	C029_SS_0.025	103045	103045_ATAAGTTCAGATACGC	0.025	0.025_LC	LC	0.025_LC-3	HKY5JDRXX_103045_ATAAGTTCAGATACGC_merged_sorted.bam.1.fastq.gz	HKY5JDRXX_103045_ATAAGTTCAGATACGC_merged_sorted.bam.2.fastq.gz
SRR25915888	SRP458584	PRJNA1013119	SAMN37283797	C023_SS_0.025	103031	103031_TGTTGATCCTATGTTA	0.025	0.025_SC	SC	0.025_SC-1	HKY5JDRXX_103031_TGTTGATCCTATGTTA_merged_sorted.bam.1.fastq.gz	HKY5JDRXX_103031_TGTTGATCCTATGTTA_merged_sorted.bam.2.fastq.gz
SRR25915870	SRP458584	PRJNA1013119	SAMN37283801	C024_SS_0.025	107924	107924_CCAGATTCTGTCCACG	0.025	0.025_SC	SC	0.025_SC-2	HKY5JDRXX_107924_CCAGATTCTGTCCACG_merged_sorted.bam.1.fastq.gz	HKY5JDRXX_107924_CCAGATTCTGTCCACG_merged_sorted.bam.2.fastq.gz
SRR25915879	SRP458584	PRJNA1013119	SAMN37283814	C030_SS_0.025	107926	107926_TCAATCAGGACACACT	0.025	0.025_SC	SC	0.025_SC-3	HKY5JDRXX_107926_TCAATCAGGACACACT_merged_sorted.bam.1.fastq.gz	HKY5JDRXX_107926_TCAATCAGGACACACT_merged_sorted.bam.2.fastq.gz
SRR25915865	SRP458584	PRJNA1013119	SAMN37283806	C025_R3	103046	103046_CCAATACGGGTATCTT	R3	R3_LC	LC	R3_LC-1	HKY5JDRXX_103046_CCAATACGGGTATCTT_merged_sorted.bam.1.fastq.gz	HKY5JDRXX_103046_CCAATACGGGTATCTT_merged_sorted.bam.2.fastq.gz
SRR25915884	SRP458584	PRJNA1013119	SAMN37283809	C026_R3	103047	103047_TGTGCTTCCCTCTGGC	R3	R3_LC	LC	R3_LC-2	HKY5JDRXX_103047_TGTGCTTCCCTCTGGC_merged_sorted.bam.1.fastq.gz	HKY5JDRXX_103047_TGTGCTTCCCTCTGGC_merged_sorted.bam.2.fastq.gz
SRR25915881	SRP458584	PRJNA1013119	SAMN37283812	C029_R3	103048	103048_GTATTAAGCCATTGTG	R3	R3_LC	LC	R3_LC-3	HKY5JDRXX_103048_GTATTAAGCCATTGTG_merged_sorted.bam.1.fastq.gz	HKY5JDRXX_103048_GTATTAAGCCATTGTG_merged_sorted.bam.2.fastq.gz
SRR25915887	SRP458584	PRJNA1013119	SAMN37283798	C023_R3	103034	103034_GTCCTTCGGTTGACGC	R3	R3_SC	SC	R3_SC-1	HKY5JDRXX_103034_GTCCTTCGGTTGACGC_merged_sorted.bam.1.fastq.gz	HKY5JDRXX_103034_GTCCTTCGGTTGACGC_merged_sorted.bam.2.fastq.gz
SRR25915869	SRP458584	PRJNA1013119	SAMN37283802	C024_R3	103035	103035_CCGGCATCATCTACGA	R3	R3_SC	SC	R3_SC-2	HKY5JDRXX_103035_CCGGCATCATCTACGA_merged_sorted.bam.1.fastq.gz	HKY5JDRXX_103035_CCGGCATCATCTACGA_merged_sorted.bam.2.fastq.gz
SRR25915878	SRP458584	PRJNA1013119	SAMN37283815	C030_R3	103036	103036_CTTCGTAGCTCGACAG	R3	R3_SC	SC	R3_SC-3	HKY5JDRXX_103036_CTTCGTAGCTCGACAG_merged_sorted.bam.1.fastq.gz	HKY5JDRXX_103036_CTTCGTAGCTCGACAG_merged_sorted.bam.2.fastq.gz
SRR25915876	SRP458584	PRJNA1013119	SAMN37283799	C023_R6	103037	103037_GACGCATCGAGGCTGC	R6	R6_SC	SC	R6_SC-1	HKY5JDRXX_103037_GACGCATCGAGGCTGC_merged_sorted.bam.1.fastq.gz	HKY5JDRXX_103037_GACGCATCGAGGCTGC_merged_sorted.bam.2.fastq.gz
SRR25915868	SRP458584	PRJNA1013119	SAMN37283803	C024_R6	103038	103038_TGCCGTAGCCTCGTAG	R6	R6_SC	SC	R6_SC-2	HKY5JDRXX_103038_TGCCGTAGCCTCGTAG_merged_sorted.bam.1.fastq.gz	HKY5JDRXX_103038_TGCCGTAGCCTCGTAG_merged_sorted.bam.2.fastq.gz
SRR25915877	SRP458584	PRJNA1013119	SAMN37283816	C030_R6	103039	103039_AAGGAATCCATAGGCA	R6	R6_SC	SC	R6_SC-3	HKY5JDRXX_103039_AAGGAATCCATAGGCA_merged_sorted.bam.1.fastq.gz	HKY5JDRXX_103039_AAGGAATCCATAGGCA_merged_sorted.bam.2.fastq.gz
SRR25915886	SRP458584	PRJNA1013119	SAMN37283807	C025_R10	103049	103049_AAGACTTCACTACGGT	R10	R10_LC	LC	R10_LC-1	HKY5JDRXX_103049_AAGACTTCACTACGGT_merged_sorted.bam.1.fastq.gz	HKY5JDRXX_103049_AAGACTTCACTACGGT_merged_sorted.bam.2.fastq.gz
SRR25915883	SRP458584	PRJNA1013119	SAMN37283810	C026_R10	103050	103050_GCCTCTTCAAGTGCTA	R10	R10_LC	LC	R10_LC-2	HKY5JDRXX_103050_GCCTCTTCAAGTGCTA_merged_sorted.bam.1.fastq.gz	HKY5JDRXX_103050_GCCTCTTCAAGTGCTA_merged_sorted.bam.2.fastq.gz
SRR25915880	SRP458584	PRJNA1013119	SAMN37283813	C029_R10	103051	103051_GTTATCCGGCCGAACG	R10	R10_LC	LC	R10_LC-3	HKY5JDRXX_103051_GTTATCCGGCCGAACG_merged_sorted.bam.1.fastq.gz	HKY5JDRXX_103051_GTTATCCGGCCGAACG_merged_sorted.bam.2.fastq.gz
SRR25915871	SRP458584	PRJNA1013119	SAMN37283800	C023_R10	103040	103040_TCGAGTAGAGATGAAC	R10	R10_SC	SC	R10_SC-1	HKY5JDRXX_103040_TCGAGTAGAGATGAAC_merged_sorted.bam.1.fastq.gz	HKY5JDRXX_103040_TCGAGTAGAGATGAAC_merged_sorted.bam.2.fastq.gz
SRR25915867	SRP458584	PRJNA1013119	SAMN37283804	C024_R10	103041	103041_CTCGAATCCCGAGTAT	R10	R10_SC	SC	R10_SC-2	HKY5JDRXX_103041_CTCGAATCCCGAGTAT_merged_sorted.bam.1.fastq.gz	HKY5JDRXX_103041_CTCGAATCCCGAGTAT_merged_sorted.bam.2.fastq.gz
SRR25915875	SRP458584	PRJNA1013119	SAMN37283817	C030_R10	103042	103042_CGCCGATTAATATTGA	R10	R10_SC	SC	R10_SC-3	HKY5JDRXX_103042_CGCCGATTAATATTGA_merged_sorted.bam.1.fastq.gz	HKY5JDRXX_103042_CGCCGATTAATATTGA_merged_sorted.bam.2.fastq.gz
